"Abaca","Aback","Abaci","Abada","Abaft","Aband","Abase","Abash","Abate","Abbey","Abbot","Abdal","Abeam","Abear","Abele","Aberr","Abhal","Abhor","Abode","Abide","Abies","Abime","Abyme","-able","Abler","Ablet","Ablen","-ably","Abnet","Abode","Aboma","Aboon","Abord","Abort","About","Above","Abray","Absis","Abuna","Abuse","Abuzz","Abysm","Abyss","Acari","Accoy","Acerb","Ached","Acini","Acock","Acold","Acorn","Acred","Acrid","Acted","Acton","Actor","Acute","Adact","Adage","Adapt","Adapt","Adays","Added","Addax","Adder","Addle","Addle","Adeem","Aden-","Adeps","Adept","Adieu","Adieu","Admit","Admix","Adobe","Adoor","Adopt","Adore","Adorn","Adown","Adrad","Adrip","Adult","Adunc","Adure","Adust","Adyta","Aegis","Aerie","Aero-","Affix","Affix","Afire","Aflat","Aflow","Afoam","Afoot","Afore","Afoul","Afric","Afrit","After","After","Again","Agama","Agami","Agape","Agape","Agasp","Agast","Agast","Agate","Agaty","Agave","Aging","Agend","Agent","Agger","Aggry","Aggri","Agile","Agios","Agist","Aglet","Agley","Aglow","Agnus","Agone","Agony","Agood","Agora","Agree","Agree","Agrin","Agrom","Agued","Agush","Ahead","Aheap","Ahigh","Ahold","Ahull","Aided","Aider","Aigre","Ailed","Aimed","Aimer","Ain't","Aired","Airer","Aisle","Aitch","Akene","Aknee","Aknow","Alack","Aland","Alarm","Alarm","Alary","Alate","Alban","Albee","Album","Album","Albyn","Alday","Alder","Aller","Aleak","Alert","Alfet","Algae","Algal","Algid","Algol","Algor","Algum","Alias","Alias","Alibi","Alien","Alife","Align","Alike","Aline","Alish","Alive","Allah","Allay","Aller","Alley","Alley","Allis","Allod","Alloo","Allot","Allow","Alloy","Alloy","Allyl","Almah","Alman","Almeh","Almry","Almug","Algum","Aloes","Aloes","Aloft","Alogy","Aloin","Alone","Along","Aloof","Alose","Aloud","Alpen","Alpha","Alpia","Altar","Alter","Altho","Altos","Alula","Alure","Alvei","Alway","Amain","Amass","Amate","Amaze","Ambi-","Amber","Amber","Amber","Ambit","Amble","Ambos","Ambon","Ambry","Ameer","Amend","Ament","Amess","Amice","Amide","Amido","Amine","Amiss","Amity","Among","Amort","Amour","Amove","Ample","Amply","Ampul","Ampyx","Amsel","Amzel","Amuck","Amuse","Amyss","Anaks","-ance","Ancle","Ancon","-ancy","Anear","Anele","Anent","Angel","Angel","Anger","Anger","Angle","Angle","Angor","Angry","Anigh","Anile","Anime","Animi","Anion","Anise","Anker","Ankle","Annat","Annal","Annex","Annoy","Annul","Anode","Anoil","Anomy","Anona","Anorn","Ansae","Antae","Ante-","Antes","Antic","Antic","Antre","Antra","Anura","Anury","Anvil","Aorta","Apace","Apaid","Apair","Apara","Apart","Aping","Apeak","Apert","Apery","Aphid","Aphis","Apian","Apiol","Apish","Apods","Apode","Apoda","Aport","Appay","Apple","Apple","Apply","Appui","April","Apron","Apron","Apsis","Aptly","Araby","Arace","Arara","Arbor","Arbor","Arbor","Arch-","-arch","-goes","Archy","archy","Ardor","Areas","Aread","Areed","Areal","Arear","Areca","Areek","Arefy","Arena","Areng","Arere","Arest","Argal","Argas","Argil","Argol","Argon","Argot","Argue","Argus","Argus","Arian","Ariel","Aries","Arose","Arise","Arist","Arles","Armed","Armed","Armet","Armil","Armor","Arnee","Arnot","Arnut","Aroid","Aroma","Aroph","Arose","Arpen","Arras","Array","Array","Arret","Arris","Arrow","Arsis","Arson","Artly","Artow","Arval","Aryan","Asses","Ascii","Ascus","A-sea","Ashen","Ashes","Asian","Aside","Asked","Asker","Askew","Aslug","Asoak","Aspen","Aspen","Asper","Aspic","Assai","Assay","Assay","Asset","Assot","Astay","Astel","Aster","Astir","Aston","Astun","Asura","Asyla","Atake","Ataxy","Atilt","Atimy","Atlas","Atoll","Atomy","Atone","Atony","Atrip","Atria","Attal","Attar","Atter","Attic","Attle","Attry","Aubin","Audit","Audit","Auger","Auget","Aught","Aucht","Aught","Augur","Augur","Aulic","Aunty","Aurae","Aural","Auric","Aurin","Aurum","Auto-","Avail","Avale","Avant","Avast","Avena","Avens","Avert","Avian","Avile","Avise","Aviso","Avoid","Avoke","Await","Awoke","Awoke","Awake","Award","Aware","Awarn","Awash","Awing","Awful","Awing","Awkly","Awned","Awork","Axial","Axile","Axiom","Axled","Axmen","Axman","Ayein","Ayond","Ayont","Ayrie","Azoic","Azote","Azoth","Aztec","Azure","Azurn","Azyme","Babel","Baboo","Backs","Bacon","Badge","Badly","Bafta","Baggy","Bague","Bahar","Bairn","Baize","Baked","Baken","Baker","Balas","Baled","Balky","Balmy","Balsa","Banal","Banat","Banco","Bandy","Bandy","Bandy","Banns","Barde","Bared","Barge","Baria","Baric","Barky","Balmy","Baron","Barry","Barse","Barth","Basal","Basan","Based","Based","Basi-","Basic","Basil","Basil","Basin","Bases","Basis","Bason","Bassa","Basso","Basta","Baste","Basto","Batch","Bated","Bated","Baths","Bathe","Baton","Batta","Batty","Baulk","Bavin","Bawdy","Bayed","Bayad","Bayed","Bayou","Bayze","Bazar","Being","Beach","Beach","Beady","Beamy","Borne","Beard","Beard","Bearn","Beast","Beath","Beaux","Beaus","Beaux","Beche","Bedel","Beden","Bedew","Bedim","Bedye","Beech","Beech","Beefy","Beeld","Beery","Beete","Beeve","Befit","Befog","Begem","Begot","Begat","Begot","Beget","Began","Begun","Begin","Begod","Begot","Begum","Begun","Behen","Beige","Beild","Being","Bekah","Belam","Belay","Belch","Belee","Beaux","Belie","Belle","Belly","Belly","Below","Bemad","Bemet","Bemol","Bench","Bench","Bench","Bendy","Benet","Benim","Benne","Benty","Beray","Berbe","Bergh","Berme","Berna","Berob","Beroe","Berry","Berry","Berth","Berth","Beryl","Besee","Beset","Beset","Besit","Besom","Besom","Besot","Betel","Betel","Betid","Beton","Betso","Betty","Bevel","Bevel","Bevel","Bever","Bever","Bewet","Bewet","Bewig","Bewit","Bezel","Bhang","Bibbe","Bibbs","Bible","Bicho","Biddy","Bided","Bidet","Bield","Bifid","Bigam","Bigha","Bight","Bigly","Bigot","Bijou","Bilbo","Bilge","Bilge","Bilgy","Bilin","Billy","Billy","Binal","Bound","Binny","Biped","Birch","Birch","Birse","Birth","Bisie","Bison","Bitch","Biter","Bitts","Bizet","Black","Black","Black","Black","Black","Black","Black","Black","Black","Black","Black","Black","Black","Black","Black","Blade","Blady","Blain","Blame","Bland","Blank","Blank","Blare","Blase","Blast","Blast","Blast","Blaze","Blaze","Bleak","Blear","Blear","Bleat","Bleck","Bleed","Blent","Blend","Blenk","Blent","Blest","Bless","Blest","Blind","Blind","Blink","Blink","Blirt","Bliss","Blite","Blive","Bloat","Block","Block","Block","Block","Blond","Blond","Blood","Blood","Blood","Blood","Bloom","Bloom","Blore","Blote","Blown","Blown","Blown","Blowy","Blued","Bluey","Bluff","Bluff","Blunt","Blunt","Blurt","Blush","Board","Board","Boast","Bobac","Bobby","Bocal","Bocca","Boded","Bodge","Bodge","Bodle","Bogey","Boggy","Bogie","Bogle","Bogue","Bogus","Bohea","Bohun","Boiar","Boist","Bolar","Bolas","Boldo","Boldu","Boley","Bolye","Bolis","Bolty","Bolus","Bonce","Boned","Boned","Bonne","Bonne","Bonny","Bonus","Bonze","Booby","Boodh","Booky","Booly","Boort","Boose","Boost","Booth","Boots","Booty","Booze","Boozy","Borax","Bored","Boree","Borel","Borer","Boric","Borne","Boron","Borwe","Bosky","Bosom","Bosom","Boson","Bossy","Botch","Botch","Bothy","Botts","Bouch","Bouge","Bough","Boule","Buolt","Bound","Bound","Bourd","Bouri","Bourn","Bourn","Bouse","Bousy","Bovey","Bovid","Bowed","Bowed","Bowel","Bowel","Bower","Bowge","Bowie","Bowls","Bowne","Bowse","Boxes","Boxed","Boxen","Boxer","Boyar","Boyau","Boyer","Brace","Brace","Brach","Brack","Bract","-ical","Braid","Brail","Brain","Brain","Brait","Brake","Braky","Brama","Brame","Brand","Brand","Brand","Brand","Brand","Brank","Brank","Brant","Brash","Brass","Brast","Brave","Brave","Bravo","Brawl","Brawn","Braxy","Braze","Bread","broke","Brake","Broke","Break","Bream","Bream","Brede","Brede","Breed","Breme","Brent","Brent","Brant","Brent","Brere","Brest","Brast","Brett","Breve","Briar","Bribe","Bribe","Brick","Brick","Bride","Brief","Brier","Briar","Brike","Brill","Brine","Bring","Brink","Briny","Brisk","Brisk","Britt","Brite","Brize","Broad","Broad","Broad","Broad","Brock","Broid","Broil","Broil","Broke","Broma","Brome","Brond","Brood","Brood","Brook","Brook","Brook","Broom","Brose","Broth","Brown","Brown","Brown","Brown","Bruin","Bruit","Bruit","Brume","Brunt","Brush","Brush","Brush","Brusk","Bruta","Brute","Bubby","Buchu","Budge","Budgy","Buffa","Buffo","Buffy","Buggy","Buggy","Bugle","Bugle","Built","Build","Built","Bulau","Bulge","Bulge","Bulgy","Bulky","Bulla","Bully","Bully","Bully","Bulse","Bulti","Bunch","Bunch","Bunch","Bungo","Bunko","Bunny","Burel","Burgh","Burin","Burke","Burly","Burnt","Burnt","Burro","Burry","Bursa","-ries","Burse","Burst","Burst","Busby","Bushy","Busky","Busto","Butte","Butty","Butyl","Buxom","Buyer","Byard","Byssi","Byway","Caaba","Cabal","Cabal","Cabas","Caber","Cabin","Cabin","Cable","Cable","Cabob","Cacao","Cache","Cacti","Caddy","Cader","Cadet","Cadew","Cadge","Cadgy","Cadie","Cadis","Cadre","Caeca","Caeca","Caged","Caged","Cagit","Cagot","Caird","Cairn","Caked","Calid","Calif","Calin","Calix","Calla","Calle","Calmy","Calve","Calyx","Camel","Cameo","Camis","Camus","Could","Canal","Candy","Caned","Caned","Canes","Canis","Canna","Canny","Canoe","Canoe","Canon","Ca�on","Canon","Can't","Canto","Canty","Capel","Caple","Capel","Caper","Caper","Pacha","Caple","Capoc","Capon","Capot","Capot","Capra","Caput","Carac","Carat","Cardo","Cared","Caret","Carex","Cargo","Carib","Carob","Carol","Carol","Carom","Carps","Carpi","Carry","Carry","Carse","Carte","Carte","Carte","Carus","Carve","Casal","Cased","Casse","Caste","Casus","Catch","Catel","Cater","Cater","Cates","Catso","Catty","Cauda","Caulk","Cauma","Cause","Cause","Caved","Cavil","Cavin","Cawed","Cawky","Caxon","Cazic","Cease","Cedar","Ceded","Cedry","Ceint","Cella","Celli","Cello","Cense","Cense","Cento","Cerci","Cered","Ceres","Cerin","Ceryl","Cetic","Cetin","Cetyl","Chace","Chafe","Chaff","Chaff","Chain","Chain","Chain","Chair","Chair","Chaja","Chalk","Chalk","Champ","Chank","Chant","Chaos","Chape","Chaps","Charr","Chare","Chare","Chara","Chard","Chare","Chark","Chark","Charm","Charm","Charr","Chart","Chart","Chary","Chase","Chasm","Chast","Chati","Chaun","Chaus","Chazy","Cheap","Chear","Cheat","Cheat","Check","Check","Cheek","Cheep","Cheer","Cheer","Chela","Chely","Cheng","Chert","Chese","Chess","Chest","Chest","Chest","Cheve","Chevy","Chian","Chica","Chich","Chick","Chide","Chief","Chief","Chief","niere","Child","Child","Chili","Chill","Chill","Chimb","Chime","Chime","China","Chine","Chine","Chink","Chink","Chips","Chirk","Chirm","Chirp","Chive","Chivy","Choak","Chock","Chode","Choir","Choke","Choke","Choke","Choky","Chomp","Chose","Chose","Chops","Chord","Chord","Chore","Chore","Chose","Chout","Chuck","Chuck","Chuet","Chufa","Chuff","Chump","Chunk","Churl","Chirm","Churn","Churn","Chuse","Chute","Chyle","Chyme","Cibol","Cider","Cigar","Cilia","Cimar","Cimex","Cimia","Cinch","Cippi","Cirri","Cirri","Cisco","Cital","Cited","Citer","Civet","Civic","Civil","Cizar","Clack","Claik","Claim","Clake","Claik","Clamp","Clamp","Clang","Clank","Clank","Clape","Claps","Clare","Clart","Clary","Clash","Clasp","Class","Class","Clave","Clavy","Clean","Clean","Clear","Clear","Cleat","Clave","Cleft","Clave","Clove","Cleft","Cleft","Clepe","Clerk","Click","Cliff","Clift","Clomb","Climb","Clime","Clung","Clong","Cling","Clink","Cloak","Cloak","Clock","Cloff","Cloke","Clomb","Clomp","Clong","Cloom","Cloop","Close","Closh","Clote","Cloth","Cloud","Cloud","Clout","Clout","Clove","Clown","Cluck","Clump","Clung","Cnida","Coach","Coach","Coact","Coaly","Coast","Coast","Coati","Cobby","Cobia","Coble","Cobra","Cocci","Cocky","Cocoa","Cocus","Codex","Codle","Cogue","Cokes","Colet","Colic","Colin","Colla","Colly","Colly","Colon","Color","Color","Color","Colza","Combe","Combe","Comer","Comes","Comet","Comic","Comma","Compt","Conch","Coney","Conge","Congo","Conia","Conic","Conic","Conny","Conus","Cooed","Cooey","Cooee","Cooky","Cooly","Coomb","Coopt","Copal","Coped","Coped","Copps","Copra","Copse","Copsy","Copts","Coral","Coral","Corbe","Corby","Corer","Corky","Corni","Corno","Corni","Corno","Cornu","Cornu","Corny","Corol","Corps","Corse","Corve","Cosen","Cosey","Costa","Couch","Couch","Cough","Could","Count","Coupe","Courb","Court","Court","Court","Couth","Coved","Cover","Covet","Covey","Covin","Cowed","Cowan","Cower","Cowry","Cow's","Coyed","Coyly","Coypu","Cozen","Crack","Craft","Craie","Craig","Crail","Crake","Cramp","Cramp","Cramp","Crane","Crane","Crane","Crang","Crank","Crape","Crape","Craps","Crapy","Crare","Crase","Crash","Crass","Crate","Crate","Crave","-fish","Crawl","Craze","Crazy","Creak","Cream","Cream","Cream","Creat","Credo","Creed","Creek","Creel","Crept","Crope","Crept","Creep","Crees","Crems","Crepe","Crept","Cress","Crest","Crest","Crete","Creux","Crick","Cried","Crier","Crime","Crimp","Crisp","Crisp","Crith","Croak","Croat","Crock","Crock","Croft","Crois","Croma","Crone","Crony","Crook","Crook","Croon","Croon","Crore","Cross","Cross","Croud","Croup","Crout","Crown","Crowd","Crown","Crown","Crown","Crown","Crows","Croys","Croze","Crude","Crudy","Cruel","Cruet","Crull","Crumb","Crumb","Crump","Crunk","Cruor","Crura","Crura","Cruse","Crush","Crust","Crust","Cruth","Crwth","Cried","Cries","Cryal","Cryer","Crypt","Cuban","Cubby","Cubed","Cubeb","Cubic","Cubic","Cubit","Cuddy","Cuffy","Cufic","Cuish","Culex","Culls","Cully","Culpa","Culpe","Cumic","Cumin","Cupel","Cupel","Cupid","Curat","Curch","Curdy","Cured","Curer","Curle","Curia","Curio","Curly","Curry","Curst","Curse","Curst","Curve","Curve","Cutch","Cutin","Cutis","Cytty","Cutty","Cycad","Cycas","Cycle","Cycle","Cyder","Cymar","Cymry","Cynic","Cynic","Czech","Dadle","Daddy","Dagos","Dagon","Daily","Daily","Daint","Dairy","Daisy","Daker","Dakir","Daker","Dally","Daman","Damar","Dampy","Dance","Dancy","Dandi","Dandy","Dansk","Darby","Durst","Dared","Dared","Darer","Daric","Darky","Daroo","Dashy","Daswe","Dated","Dater","Datum","Dauby","Daunt","Davit","Dazed","Deads","Dealt","Deare","Dearn","Deary","Death","Deave","Debar","Debel","Debit","Debit","Debut","Deca-","Decad","Decay","Decil","Decoy","Decry","Decyl","Deedy","Deess","Defer","Defix","Defly","Deify","Deign","Deism","Deist","Deity","Deka-","Dekle","Delay","Delay","Deled","Delft","Delit","Della","Deloo","Delph","Delta","Delve","Demi-","Demit","Demon","Demur","Denay","Denim","Dense","Depot","Depth","Deray","Derby","-derm","Derma","Derne","Derre","Derth","Deter","Dette","Detur","Deuce","Deuse","Deut-","Devex","Devil","Devil","Devil","Devon","Devow","Dewed","Dhole","Dhony","Diana","Diary","Diced","Dicer","Dicky","Dicta","Dicta","Didal","Didos","Didst","Didym","Dying","Dight","Dight","Digit","Digne","Digue","Diked","Diker","Dildo","Dilly","Dimit","Dimly","Dimmy","Dimya","Dinar","Dined","Diner","Dingy","Dingo","Dingy","Diota","Dirge","Dirty","Dirty","Disci","Disme","Ditch","Ditch","Ditto","Ditty","Divan","Dived","Divel","Diver","Dives","Divet","Divot","Dixie","Dizen","Dizzy","Dizzy","Jjinn","Doing","Doand","Dodge","Dogal","Dogma","Doily","Doing","Dolce","Doled","Dolly","Dolor","Dolus","Domal","Domed","Donat","Donax","Donee","Donet","Donna","Donor","Doole","Dooly","Doree","Doric","Doris","Dorse","Dosed","Dosel","Dotal","Doted","Doted","Doter","Douar","Douay","Doubt","Douce","Dough","Doupe","Doura","Douse","Dowdy","Dowdy","Dowel","Dowel","Dower","Dowle","Downy","Dowry","Dowse","Dowst","Dowve","Doyly","Dozed","Dozen","Dozen","Dozer","Draco","Draff","Draff","Draft","Draft","Drail","Drain","Drake","Drama","Drank","Drape","Drave","Drawn","Drawl","Drawn","Dread","Dream","Dream","Drear","Drein","Drent","Drest","Dress","Dress","Drest","Dreul","Dreye","Dried","Drier","Drift","Drift","Drill","Drill","Drily","Drank","Drunk","Drink","Dript","Drove","Drave","Drive","Drock","Droil","Droit","Droll","Droll","Drome","Drone","Drone","Drony","Drool","Droop","Dropt","Dropt","Dross","Drove","Drovy","Drown","Druid","Drunk","Drupe","Druse","Drusy","Druxy","Dried","Dryad","Dryas","Dryer","Dryly","Dryth","Drith","Ducal","Ducat","Duces","Duchy","Duelo","Due�a","Dulce","Dulia","Dully","Dulse","Dumal","Dummy","Dummy","Dumpy","Dunce","Dungy","Dunny","Duomo","Duped","Duper","Duple","Dural","Durga","Durio","Durra","Durst","Dusky","Dusty","Dutch","Dwale","Dwang","Dwarf","Dwarf","Dwaul","Dwelt","Dwell","Dwelt","Dwine","Dyaks","Dying","Dynam","Eager","Eagle","Eagre","Eared","Earal","Eared","Early","Earsh","Earst","Earth","Earth","Earth","Earth","Eased","Easel","Eaten","Eater","Eaves","Ebbed","Eblis","Ebony","Eccle","Echon","Eclat","Ecto-","Ectad","Ectal","Ecto-","Eddas","Eddic","Edder","Edema","Edged","Edict","Edify","Edile","Educe","Educt","Eerie","Effet","Egean","Egest","Egged","Eggar","Egger","Eghen","Egret","Eider","Eight","Eigne","Eikon","Eirie","Eisel","Eject","Eking","Eking","Elain","Eland","Elaps","Elate","Elate","Elayl","Elbow","Elbow","Elder","Elect","Elect","Elegy","Elemi","Eleve","Elves","Elfin","Elgin","Elide","Elite","Elles","Elmen","Eloge","Elogy","Eloin","Elong","Elope","Elops","Elsin","Elude","Elute","Elvan","Elver","Embar","Embay","Embay","Embed","Ember","Embow","Embox","Emeer","Emend","Emery","Emeer","Emmet","Emmew","Emong","Emove","Empte","Empty","Empty","Empty","Emule","Emyds","Enact","Enate","-ence","-ency","Ended","Ender","Endo-","Endow","Endue","Eneid","Enema","Enemy","Engle","Engyn","Enjoy","Enlay","Enmew","Ennew","Ennui","Enode","Enorm","Ensky","Ensue","Entad","Ental","Enter","Ento-","Entry","Enure","Envie","Envoy","Eolic","Eolis","Eosin","Eozoa","Epact","Ephah","Ephod","Ephor","Epoch","Epode","Epopt","Epsom","Epure","Equal","Equal","Equi-","Equip","Equus","Erase","Erato","Erect","Erect","Erven","Ergat","Ergot","Erica","Ermin","Ermit","Erode","Erose","Erred","Error","Eruca","Eruct","Erupt","Escot","Eskar","Esker","Essay","Essay","Ester","Estop","Estre","Etaac","Etern","Ethal","Ethel","Ether","Ethic","Ethyl","Etter","Ettin","Ettle","Etude","Etwee","Etyma","Eurus","Evade","Evene","Event","Evert","Every","Evict","Evite","Evoke","Ewery","Exact","Exact","Exalt","Excel","Excur","Exeat","Exect","Exert","Exile","Exile","Exist","Exode","Exody","Expel","Extol","Extra","Extra","Exude","Exult","Eyren","Eying","Eyght","Eyren","Eyrie","Fable","Fable","Faced","Faced","Faser","Facet","Facet","Facia","Facto","Facta","Faded","Faded","Fader","Fadge","Fadme","Faery","Fagot","Fagot","Faham","Faint","Faint","Fairy","Faith","Fakir","False","Falwe","Famed","Fanal","Fancy","Fancy","Fanon","Farad","Farce","Farcy","Fared","Faren","Farry","Farse","Fasti","Fatal","Fated","Fatly","Fatty","Faugh","Fauld","Faule","Fault","Fault","Fauna","Fauni","Favas","Favel","Favor","Favor","Favus","Faxed","fayed","Feast","Feast","Feaze","Fecal","Feces","Fecks","Feere","Feese","Feeze","Feign","Feine","Feint","Feize","Felis","Felly","Felly","Felon","Femme","Femur","Fence","Fence","Fenks","Fenny","Feoff","Ferae","Feral","Ferde","Feria","Ferie","Ferly","Ferme","Ferny","Ferre","Ferry","Ferry","Fesse","Feste","Fetal","Fetch","fetch","Fetch","Feted","Fetid","Fetis","Fetor","Fette","Fette","Fetus","Feuar","Fever","Fever","Fewel","Feyne","Feyre","Fiber","Fibre","Fiche","Fichu","Ficus","Fides","Fidge","Fidia","Field","Field","Fiend","Fieri","Fiery","Fifed","Fifer","Fifth","Fifty","Fifty","Fight","Filar","Filch","Filed","Filer","Filly","Filmy","Filth","Final","Finch","Found","Findy","Fined","Finer","Finew","Finis","Finns","Finny","Finos","Fiord","Fired","Fring","Firer","Firms","Firry","First","Firth","Fishy","Fitch","Fitly","Fives","Fixed","Fixed","Fjord","Flail","Flain","Flake","Flake","Flaky","Flame","Flame","Flamy","Flang","Flank","Flank","Flare","Flash","Flash","Flask","Flawn","Flawy","Flaxy","Fleak","Fleam","Flear","Fleck","Fleck","Fleen","Fleer","Fleer","Flear","Fleet","Fleme","Flesh","Flesh","Flete","Flews","Flick","Flier","Flung","Fling","Flint","Flipe","Flirt","Flisk","Flite","Float","Float","Flock","Flock","Flong","Flood","Flood","Flook","Floor","Floor","Flora","Flosh","Floss","Flota","Flote","Flour","Flour","Flout","Flowk","Flown","Fluey","Fluff","Fluid","Fluke","Fluky","Flume","Flung","Flunk","Fluo-","Fluor","Fluor","Flurt","Flush","Flute","Flute","Fluty","Flown","Flies","Flyer","Fnese","Foamy","Focal","Focus","Focus","Foggy","Fogie","Foist","Foist","Folio","Folia","Folks","Folly","Folwe","Fomes","Fonde","Fonge","Fonly","Fonne","Foody","Foots","Footy","Foray","Forby","Force","Force","Force","Fordo","Forel","Forge","Forge","Forgo","Forky","Forme","Forte","Forth","Forty","Forty","Forum","Fossa","Fosse","Foule","Found","Found","Found","Fount","Fourb","Fouty","Fovea","Fowls","Foxes","Foxed","Fract","Foxed","Foxes","Foxly","Foyer","Frail","Frame","Franc","Frank","Frank","Frape","Fraud","Freak","Freck","Freed","Freer","Froze","Fremd","Frena","Frere","Fresh","Fresh","Frett","Freta","Freya","Friar","Fried","Frier","Frigg","Frill","Frisk","Frisk","Frist","Frith","Frize","Frizz","Frock","Frond","Frons","Front","Front","Frore","Frorn","Frory","Frost","Frost","Frote","Froth","Froth","Frown","Frowy","Froze","Fruit","Frump","Frush","Fried","Fuage","Fubby","Fubsy","Fuchs","Fucus","Fudge","Fudge","Fuero","Fuffy","Fugle","Fugue","Fulbe","Fully","Fumed","Fumer","Fumet","Fumid","Funge","Fungi","Fungi","Funic","Funis","Funky","Funny","Funny","Furld","Furry","Furze","Furzy","Fused","Fusee","Fusel","Fusil","Fussy","Fusty","Fuzzy","Fytte","Gabel","Gable","Gadre","Gadic","Gaged","Gager","Gaily","Galea","Galei","Gally","Galop","Galpe","Gamba","Gamed","Gamic","Gamin","Gamma","Gamut","Ganch","Ganil","Ganja","Gansa","Ganza","Gaped","Gaper","Garth","Garum","Gases","Gassy","Gated","Gaudy","Gaudy","Gauge","Gault","Gaunt","Gaure","Gauze","Gauzy","Gavel","Gavot","Gawby","Gawky","Gayal","Gayly","Gayne","Gazed","Gazel","Gazer","Gazet","Gazon","Gecko","Geese","Geest","Gelid","Gelly","Gemel","Gemma","Gemmy","Gemul","Genet","Genet","Genie","Genio","Genii","Genre","Genty","Genua","Genus","Genys","Geode","Gerah","Gerbe","Gesse","Geste","Geten","Ghast","Ghaut","Ghess","Ghole","Ghost","Ghoul","Ghyll","Giant","Gibed","Gibel","Giber","Giddy","Giffy","Guide","Gigot","Gilse","Gipsy","Girth","Gisle","Guist","Given","Given","Giver","Gives","Glade","Glair","Glair","Glama","Gland","Glans","Glare","Glary","Glass","Glass","Glass","Glaum","Glave","Glase","Glaze","Glazy","Glead","Gleam","Gleam","Glean","Glebe","Gleby","Glede","Gleed","Gleek","Gleen","Gleet","Glent","Glide","Glide","Gliff","Glike","Glint","Glint","Glist","Gloam","Gloar","Gloat","Globe","Globe","Globy","Glode","Glome","Gloom","Gloom","Glore","Glory","Glory","Glose","Gloss","Gloss","Glost","Glout","Glove","Glove","Gloze","Glued","Gluer","Gluey","Glume","Glump","Glyph","Gnarl","Gnash","Gnide","Gnome","Going","Goafs","Gobet","Go-by","Godly","Goety","Going","Golde","Goden","Golet","Goman","Gombo","Gomer","Gonad","Gonys","Goods","Goody","Goody","Geese","Goose","Goost","Goral","Gorce","Gored","Gorge","Gorge","Gorma","Gorse","Goter","Gouge","Bouge","Goura","Gourd","Gourd","Gouty","Gowan","Graal","Grace","Grace","Grade","Grade","Graff","Graft","Graft","Grail","Grain","Grain","Graip","-gram","Grama","Grame","Grand","Grand","Grane","Grant","Grape","Grapy","Grasp","Grass","Grass","Grass","Grate","Grate","Grave","Grave","Gravy","Graze","Great","Grebe","Grees","Grice","Grise","Grize","Greed","Greek","Green","Green","Greet","Greet","Grege","Grego","Greit","Grene","Grete","Greve","Grice","Gride","Grade","Grief","Griff","Grill","Grill","Grime","Grimy","Grind","Grint","Gripe","Gripe","Grise","Grist","Grith","Grize","Groan","Groat","Groin","Groin","Grond","Groom","Groom","Grope","Gross","Grote","Group","Group","Grout","Grout","Grove","Grovy","Grown","Growl","Grown","Gruel","Gruff","Grume","Grunt","Gryde","Grype","Guaco","Guana","Guano","Guara","Guard","Guava","Guelf","Guess","Guess","Guest","Guiac","Guide","Gulge","Guild","Guile","Guilt","Guise","GulAe","Gulas","Gular","Gulch","Gules","Gulfy","Gully","Gully","Gully","Gulph","Gulty","Gumbo","Gumma","Gummy","Gunny","Gurge","Gurmy","Gurry","Gurts","Gusto","Gusty","Gutta","Gutty","Guyed","Guyle","Gyall","Gybed","Gynno","Gypse","Gypsy","Gyral","Gyron","Gyrus","Habit","Habit","Hable","Hades","Hadji","Ha-ha","Haily","Hairy","Hakim","Haled","Halma","Halos","Halse","Halse","Halve","Halve","Halwe","Hamel","Hanap","Hance","Hanch","Handy","Hanse","Han't","Haply","Happy","Hards","Hardy","Harem","Harle","Harns","Harpa","Harpy","Harre","Harry","Harsh","Harts","Haste","Haste","Hasty","Hatch","Hated","Hatel","Hater","Hatte","Haugh","Haulm","Hauls","Hault","Haunt","Haven","Haver","Havoc","Hawed","Hawse","Hazed","Hazel","Hazle","-head","Heady","Heald","Heapy","Heard","Heard","Heart","Heath","Hoven","Heave","Heave","Heavy","Heavy","Heben","Hedge","Hedge","Heedy","Hefty","Hegge","Helix","Hello","Helly","Helot","Helve","Helve","Hema-","Hemal","Hemi-","Hemin","Hemo-","Hempy","Hence","Hende","Hendy","Henen","Henna","Henry","Hente","Hepar","Hepta","Herby","women","Heren","Herie","Herma","Herne","Heron","Herse","Herte","Heugh","Heved","Hewed","Hewer","Hexad","Hexyl","Heygh","Heyne","Hided","Hider","Hying","Hiems","Hight","Hight","Hoten","Hight","Higre","Hijra","Hilal","Hilar","Hilly","Hilum","Hilus","Hindi","Hindu","Hindu","Hinge","Hinge","Hinny","Hinny","Hipps","Hippa","Hippe","Hired","Hirer","Hires","Hitch","Hitch","Hithe","Hived","Hiver","Hives","Hoard","Hoard","Hoary","Hobby","Hobit","Hoboy","Hocco","Hough","Hocus","Hoddy","Hoful","Hoise","Hoist","Hoker","Holla","Holla","Hollo","Hollo","Holly","Holo-","Holwe","Homer","Homo-","Honed","Honey","Honey","Honor","Honor","-hood","Hoody","Hoofs","Hooky","Hoove","Hoven","Hoped","Hoper","Hoppo","Horal","Horde","Horny","Horse","Horse","Horse","Horse","Horsy","Hosen","Hosen","Hatte","Hoten","Hotel","Hoten","Hotly","Hough","Hough","Hoult","Hound","Hound","Houri","Hours","House","House","Houss","Houve","Hovel","Hovel","Hoven","Hover","Hover","Howdy","Howel","Howso","Howve","Hubby","Hudge","Huffy","Hulan","Hulch","Hulky","Hullo","Hully","Human","Humic","Humid","Humin","Humor","Humor","Humph","Humpy","Humus","Hunch","Hunch","Hunks","Hunte","Hurds","Hurly","Hurra","Hurry","Hurst","Husky","Hussy","Hutch","Hutch","Huzza","Huzza","Hyads","Hydr-","Hydra","Hydr-","Hyena","Hylic","Hymar","Hymen","Hyoid","Hypo-","-tyla","Hyrax","Hyrse","Hyrst","Hyson","Hythe","Iambi","-ible","Icing","Ichor","Icily","Icing","Ickle","Ictic","Ictus","Ideas","Ideal","Ideat","Ideo-","Idio-","Idiom","Idiot","Idled","Idler","Ifere","Igloo","Ignes","Ignis","Ihram","Ileac","Ileum","Ileus","Iliac","Ilial","Ilio-","Ilium","Ilkon","Image","Image","Imago","Imaum","Imban","Imbar","Imbay","Imbed","Imbow","Imbox","Imbue","Imide","Imido","Immew","Immit","Immix","Imped","Impel","Impen","Imply","-cies","Inane","Inapt","Incan","Incle","Incog","-ties","Incur","Incus","Indew","Index","Index","India","India","Indin","Indo-","Indol","Indow","Indri","Indue","Inept","Inerm","Inert","Ineye","Infer","Infix","Infra","Ingle","Ingot","Inial","Inion","Inked","Inker","Inkle","Inlaw","Inlay","Inlet","Inmew","Inned","Inner","Inset","Insue","Inter","Inure","Inurn","Inust","Inwit","Iodal","Iodic","Iodo-","Ionic","Ioqua","Iowas","Irade","Irate","Irian","Irish","Irony","Irous","Isiac","Islam","Islet","Issue","Issue","Istle","Itala","Itchy","-itis","Iulus","Ivied","Ivory","Ivies","Ixtle","Ixtli","Izard","Izedi","Jabot","Jacob","Jaded","Jager","Jaggy","Jagua","Jaina","Jakes","Jakie","Jalap","Jantu","Janty","Janus","Japan","Japan","Japer","Jards","Jarvy","Jasey","Jaunt","Javel","Jawed","Jawed","Jayet","Jazel","Jears","Jeers","Jelly","Jelly","Jemmy","Jenny","Jerid","Jerky","Jesse","Jesus","Jetty","Jetty","Jewel","Jewel","Jewry","Jibed","Jiffy","Jimmy","Jingo","Jinny","Jippo","Joint","Joint","Joist","Joist","Joked","Joker","Jolif","Jolly","Jolty","Jonah","Joram","Jorum","Jossa","Jougs","Joule","Joust","Joyed","Jubae","Judas","Judge","Judge","Jugal","Juger","Juggs","Jugum","Juice","Juicy","Juise","Julep","Julus","Junco","Junos","Junta","Junto","Jupon","Jural","Jurat","Jurel","Juror","Jussi","Jutes","Jutty","Juvia","Kaama","Kabob","Kafal","Kafir","Kahau","Kalan","Kalif","Kalki","Kalpa","Kapia","Karma","Karob","Kauri","Kayak","Kayko","Kecky","Kedge","Keech","Keels","Keesh","Keeve","Keeve","Kelpy","Kempt","Kempe","Kemps","Kempt","Kerse","Kerve","Kesar","Ketch","Ketol","Kevel","Kevin","Kever","Keved","Keyed","Khaya","Kiang","Kibed","Kidde","Kiddy","Kieve","Kilos","Kimbo","Kimry","Kinic","Kinky","Kiosk","Kitte","Kithe","Kitte","Kiver","Klick","Kloof","Knack","Knarl","Knave","Knead","Kneck","Kneed","Knelt","Kneel","Knell","Knell","Knelt","Knife","Knife","Knits","Knock","Knoll","Knoll","Knosp","Knout","Known","Knowa","Known","Knubs","Knuff","Knurl","Koala","Kodak","Konze","Koord","Koran","Korin","Kotow","Kotow","Kraal","Krait","Krang","Kreel","Krems","Kreng","Krone","Krupp","Kudos","Kufic","Kulan","Kutch","Kydde","Kyley","Kymry","Kyrie","Kydde","Kidde","Kythe","Kithe","Kythe","Label","Label","Labia","Labia","Labor","Labor","Labra","Labri","Laced","Laced","Lache","Ladde","Laded","Laden","Ladin","Ladle","Ladle","Lafte","Lagan","Lager","Lagly","Laird","Laism","Laity","Lakao","Lakin","Lakke","Lamed","Lamel","Lames","Lamia","Lance","Lance","Lanch","Lanky","Lapel","Lapis","Lapps","Lapse","Lapse","Lares","Larch","Lardy","Lares","Large","Largo","Larry","Larum","Larva","Larve","Lasse","Lasso","Lasso","Laste","Latch","Latch","Lated","Later","Lates","Latex","Laths","Lathe","Lathy","Latin","Laton","Latus","Laugh","Laund","Laura","Laved","Laver","Lavic","Lawer","Lawnd","Lawny","Laxly","Layer","Lazar","Lazed","Leach","Leach","Leady","Leafy","Leaky","Leant","Leany","Leapt","Learn","Lease","Lease","Leash","Leash","Least","Leasy","Leave","Leave","Leavy","Leban","Leche","-ries","Leden","Ledge","Ledgy","Leech","Leech","Leede","Leeme","Leere","Leese","Leful","Legal","Leger","Legge","Leggy","Leman","Lemma","Lemon","Lemur","Lends","Lento","Lepal","Lepas","Leper","Lepid","Lepra","Lepre","Lepry","Lered","Lerot","-less","Letch","Leten","-gies","Lethe","Lethy","Lette","Letts","Leuc-","Leuc-","Leuke","Levee","Level","Level","Leven","Lever","Levet","Levin","Levir","Levo-","Lewis","Leges","Liage","Liane","Liana","Liard","Libel","Libel","Liber","Libra","Lichi","Licit","Lidge","Lying","Lying","Liege","Lieve","Lives","Lifen","Ligan","Ligge","Light","Light","Light","Liked","Liken","Lilac","Liman","Limax","Limbo","Limed","Limer","Limit","Limit","-ries","Limsy","Linch","Lined","Linen","Liner","-ling","Linga","Lingo","Linne","Linum","Lipic","Lipse","Lipyl","Lisle","Lisne","Liter","Litre","-lith","-lite","Lithe","Litho","Lithy","Litre","Litui","Lived","Lived","Liver","Lives","Livid","Livor","Livre","Llama","Llano","Loach","Loamy","Loath","Lobar","Lobby","Lobby","Lobed","Local","Loche","Locky","Locum","Locus","Lodde","Lodge","Lodge","Loess","Loffe","Lofty","Logan","Logge","Logic","Logos","-logy","Locao","Longe","Looed","Looby","Looch","Loony","Loord","Loose","Loose","Loped","Loper","Loppy","Loral","Lords","Loral","Lorel","Loren","Loris","Lorry","Losel","Loser","Lotos","Lotto","Lotus","Lough","Louis","Lonis","Loups","Louri","Louse","Lousy","Loved","Lovee","Lover","Lowed","Lower","Lower","Lower","Lowgh","Lowly","Lowry","Loyal","Lucid","Lucky","Lucre","Lumpy","Lunar","Lunch","Lunch","Lunet","Lunge","Lunge","Lupus","Lurch","Lurch","Lured","Lurid","Lurry","Lusty","Lusus","Luted","Luter","Lycea","Lyche","Lyden","Lying","Lyken","Lymph","Lynch","Lynch","Lynde","Lyric","Lyric","Lyrid","Lyrie","Lysis","Lyssa","Lythe","Lytta","Ma'am","Maara","Mabby","Macao","Macaw","Macco","Macer","Macho","Macle","Madam","Madge","Madia","Madid","Madly","Magic","-ties","Magma","Magna","Magot","Mahdi","Mahoe","Mahon","Mahwa","Maian","Maine","Mains","Maize","Major","Major","Maked","Maker","Malar","Malax","Malay","Male-","Maleo","Malet","Malic","Malma","Malty","Malum","Mamma","Mamma","Mammy","Manca","Maned","Maneh","Manes","Mange","Mango","Mangy","Mania","Manid","Manie","Manis","Manks","Manly","Manna","Manor","Manse","Manta","Manto","-ries","Manul","Manus","Maori","Maple","Maqui","Marai","March","March","Mardi","Marge","Marie","Marly","Marry","Marsh","Marsh","-gies","Maser","Mashy","Mason","Masse","Massy","-ries","Masty","Match","Match","Mated","Mater","Matie","M/tin","Matin","Matte","Maule","Maund","Mauve","Mavis","Mawks","Mawky","Maxim","Might","Maybe","Mayor","Mazed","Mazer","Meach","Mealy","Meant","Meant","Mease","Meath","Meaty","Meawl","Medal","Medal","Media","Media","Medic","Media","Medii","Medle","Medly","Medoc","Meech","Meeth","Meine","Meiny","Melam","Melee","Melic","Melic","Melne","Meloe","Melon","Mends","Mente","Meint","Menge","Menow","Mense","-ment","Merce","Mercy","-mere","Merge","Merit","Merit","Merke","Merle","Meros","Merou","Merry","Merus","Mesad","Mesal","Mesel","Meshy","Mesne","Meso-","Meson","Meta-","Metal","Metal","Mette","Meted","Meter","Metre","Metic","Metif","Metis","Metre","Mette","Meute","Mewed","Mexal","Neyne","Mezza","Mezzo","Mhorr","Miasm","Miaul","Miche","Micr-","Midas","Middy","Midge","Midst","Might","Milch","Milky","Mimic","Mimic","Mimic","Minae","Minas","Mince","Mince","Mined","Miner","Minge","Minie","Minim","Minny","Minor","Minos","Minow","Minum","Minus","Mired","Mirky","Mirth","Mirza","Misdo","Miser","Misle","Milen","Misly","Missa","Missy","Misty","Miter","Mitre","Miter","Mitre","Miter","Mitre","Mitre","Mitty","Mixed","Mixed","Mixen","Mixer","Mizzy","Moate","Moble","Mocha","Moche","Modal","Model","Model","Moder","Modii","Modus","Moeve","Mogul","Mohur","Moile","Moira","Moire","Moist","Molar","Mould","Mould","Mould","Mould","Mould","Mould","Mould","Moldy","Moled","Molle","Molly","Moult","Moult","Moult","Molto","Momot","Momus","Monad","Monal","Monas","Monde","Moner","Money","Mono-","Monte","Month","Mooed","Moody","Moong","Moony","Moory","Moose","Moped","Mopsy","Mopus","Moral","Moray","Morel","Moria","Moric","Moril","Morin","Mormo","Morne","Morse","Morus","Morwe","Mosel","Moses","Mossy","Moste","Moote","Moste","Moted","Motet","Moths","Mothy","Motif","Moton","Motor","Motte","Motto","Motty","Mould","Moule","Moult","Mound","Mound","Mount","Mount","Mourn","Mouse","Mouse","Mousy","Mouth","Mouth","Moved","Mover","Mowen","Mowed","Mower","Moxie","Moyle","Mucic","Mucid","Mucin","Mucky","Mucor","Mucro","Mucus","Mudar","Muddy","Muddy","Mudir","Mufti","Muggy","Mugil","Mulch","Mulch","Mulct","Mulct","Muley","Mulla","Mulse","Mult-","Mult-","Mumbo","Mummy","Mummy","Mumps","Munch","Munga","Mungo","Muntz","Mural","Mured","Murex","Murky","Murre","Murry","Murth","Murza","Mures","Musae","Musal","Musar","Musca","Musci","Mused","Muser","Muset","Mushy","Music","Musit","Musky","Mussy","Musty","Mutch","Mutic","Muzzy","Myall","Myoid","Myoma","Myope","Myips","Myopy","Myrrh","Mysis","Mythe","Nabit","Nabob","Nacre","Nadde","Nadir","Naeve","Naevi","Navus","Naggy","Nagor","Naiad","Naive","Naked","Naker","Nakoo","Named","Namer","Nandu","Nanny","Napha","Nappe","Nappy","Nappy","Napus","Nares","Narre","Narwe","Nasal","Naso-","Nassa","Nasty","Natal","Natal","Natch","Nates","Natka","Natty","Naval","Navel","Navew","Navvy","Nawab","Neddy","Needs","Needy","Neeld","Neele","Ne'er","Neese","Negro","Negus","Neife","Neigh","Nempt","Nenia","Nerre","Nerve","Nerve","Nervy","-ness","Netty","Neura","Neven","Never","Nevew","Newel","Newly","Newsy","Nexus","Ngina","Niche","Nidor","Nidus","Niece","Nifle","Night","Nigua","Nihil","Nomen","Nimbi","Ninny","Ninth","Ninut","Niobe","Niopo","Nisan","Nisey","Niste","Nisus","Niter","Nitre","Nitid","Nitre","Nitry","Nitty","Nival","Nixie","Nizam","Nobby","Noble","Nobly","Nodal","Noddy","Noght","Noier","Noils","Noint","Noise","Noise","Noisy","Nolde","Nolle","Nomad","Nomen","Nomic","Nonce","Nonda","Nondo","Nones","Nonet","Nonne","Nonny","Nonyl","Noose","Noose","Nopal","Noria","Norie","Norma","Norna","Norse","North","Nosed","Nosed","Nosel","Nosle","Notal","Notch","Notch","Noted","Noted","Noter","Notum","Notus","Nouch","Nould","Noule","Novel","Novum","Noway","Nowch","Nowed","Nowel","Nowes","Noyau","Noyer","Noyls","Nozle","Nubia","Nuch/","Nucha","Nucin","Nucle","Nudge","Nudum","Nugae","Numps","Nurse","Nurse","Nutty","Nymph","Nyula","Oaken","Oaker","Oakum","Oared","Oared","Oases","Oasis","Oaten","Oaths","Obeah","Obeli","Obese","Obole","Obolo","Oboli","Obrok","Occur","Ocean","Ocher","Ochre","Ochre","Ochry","Ocrea","Octa-","Octad","Octet","Octic","Octo-","Octa-","Octyl","Oculi","Oddly","Odeon","Odeum","Odist","Odium","Odize","Odmyl","Odyle","Oelet","Offal","Offer","Often","Ofter","Ogham","Ogive","Ogled","Ogler","Oglio","Oiled","Oiled","Oiler","Olden","Oleic","Olein","Olent","Oliva","Olive","Ology","Omber","Ombre","Omega","Omni-","Onely","Onion","Onset","Oones","Oopak","Oozed","Oozoa","Opake","Opera","Opine","Opium","Optic","Opera","Orach","Orang","Orbed","Orbed","Orbic","Orbit","Orcin","Ordal","Order","Order","Oread","Orgal","Organ","Orgue","Oriel","Oriol","Orion","Orlop","Ormer","Orpin","Orris","Orval","Orvet","Oryal","Oryza","Osage","Oscan","Osier","Osmic","-ries","-ries","Ostic","Ostia","Otary","Other","Otoba","Ottar","Otter","Ought","Ounce","Oundy","Ouphe","Ousel","Outdo","Outer","Outgo","Outgo","Outre","Ouzel","Ovant","Ovary","Ovate","Overt","Ovile","Ovine","Ovist","Ovoid","Ovoid","Ovolo","Ovule","Ovula","Ovums","Ought","Owing","Owher","Owing","Owled","Owler","Owlet","Owned","Owner","Owser","Oxbow","Oxeye","Oxfly","Oxide","Oxime","Oxlip","Oxter","Oylet","Ozena","Ozone","Paage","Paard","Paced","Paced","Pacer","Pacha","Pacos","Padar","Paddy","Paddy","Padge","Padow","Paean","Paeon","Pagan","Paged","Pagod","Paien","Pains","Paint","Pairs","Paise","Paled","Palea","Paled","Palet","Palla","Palet","Palma","Palmy","Palpi","Palpi","Palsy","Palsy","Palus","Pance","Panch","Pancy","Panda","Paned","Panel","Panel","Panic","Panim","Pansy","Panym","Paolo","Papal","Papaw","Paper","Paper","Pappy","Paque","Para-","Param","Parch","Parde","Pardo","Pared","Parer","Pari-","Paris","Parle","Parol","Parry","Parry","Parse","Party","Pasan","Pasch","Pasha","Paspy","Passe","Passe","Paste","Paste","Pasty","Pasty","Patas","Patch","Patch","Pated","Patee","Paten","Paths","Patin","Patio","Patly","Patte","Patty","Paugy","Paune","Pause","Pause","Pauxi","Pavan","Paved","Paven","Paver","Pavid","Pavin","Pavon","Pawed","Pawky","Payee","Payen","Payer","Payor","Payse","Pease","Peace","Peach","Peage","Peaky","Pearl","Peart","Pease","Peaty","Pecan","Pecco","Pecul","Pedal","Pedi-","Pedo-","Peece","Peele","Peery","Peert","Peise","Pekan","Pekoe","Pelma","Pelta","Penal","Pence","Penis","Penna","Penny","Pence","Penny","Peony","Perca","Perce","Perch","Perch","Perdu","Perdy","Perel","Peri-","Peris","Peril","Peril","Perky","Perry","Pedes","Pesky","Petal","Petar","Peter","Peter","Petit","Petre","Petto","Petty","Pewee","Pewet","Pewit","Phane","Phare","Pharo","Phase","Phasm","Phebe","Pheer","Phene","Pheon","Phial","Phial","Phlox","Phoca","Phono","Photo","Phyle","Phyla","Phyla","Phyma","Physa","Piano","Picea","Picke","Picra","Picts","Picul","Picus","Piece","Piece","Piend","Pieno","Pieta","Piety","Pight","Pigmy","Piked","Pilau","Pilch","Piled","Piled","Piler","Piles","Pilei","Pilot","Pilot","Pilwe","Pinax","Pinch","Pined","Piney","Pinic","Pinky","Pinna","Pi�on","Pinus","Piony","Pious","Pipas","Pipal","Piped","Piped","Piper","Pipit","Pipra","Pique","Pique","Pirai","Pirie","Pirry","Pisay","Pishu","Piste","Pitch","Pitch","Pithy","Pitta","Pivot","Pivot","Pixie","Place","Place","Plack","Plaga","Plage","Plaid","Plain","Plain","Plait","Plait","-rias","Plane","Plane","Plane","Plane","Plank","Plank","Plant","Plant","Plash","Plash","Plash","Plasm","Plate","Plate","Platt","Platy","Plaud","Playa","Plaza","Plead","Plead","Pleat","Plebe","Plein","Plene","Plesh","Plete","Pleyt","Plica","Plied","Plitt","Ploce","Pluck","Pluff","Pluma","Plumb","Plumb","Plume","Plume","Plump","Plump","Plumy","Plush","Pluto","Plied","Plyer","Poach","Poake","Pocan","Pocky","-poda","Podge","Podgy","Podia","Podo-","Poesy","Poggy","Poind","Point","Point","Point","Poise","Poise","Poize","Pokal","Poked","Poker","Poket","Pokey","Polar","Poled","Poler","Poley","Polka","Polly","Poly-","Polyp","Pomel","Pomey","Pomme","Pongo","Ponty","Popet","Poppy","Porch","Pored","Porer","Porgy","Porta","Porte","Posed","Posed","Poser","Posit","Posse","Post-","Potch","Potoo","Potto","Pouch","Pouch","Poulp","Poult","Pound","Pound","Pound","Powan","Powen","Power","Poxed","Poynd","Poyou","Praam","Prae-","Prame","Prank","Prase","Prate","Prawn","Prede","Predy","Preef","Preen","Preen","Prees","Press","Press","Prest","Preve","Prial","Prian","Price","Price","Prick","Prick","Pride","Pride","Pried","Prief","Prier","Prill","Prima","Prime","Prima","Prime","Prime","Primo","Primp","Primy","Prink","Print","Prior","Prise","Prism","Privy","Privy","Prize","Prize","Probe","Prodd","Proem","-ties","Proin","Proke","Proll","Promt","Prone","Prong","Proof","Props","Prore","Prose","Prose","Prosy","-ries","Proud","Prove","Prowl","Proxy","Pruce","Prude","Prune","Pried","Pryan","Psalm","Pshaw","Psoas","Psora","Pubes","Pubic","Pubis","Pucel","Pudgy","Pudic","Puing","Puffy","Pugil","Puked","Puker","Pulas","Puled","Puler","Pulex","Pulli","Pulpy","Pulse","Punch","Punch","Pungy","Punic","Punka","Punto","Punty","Pupas","Pupal","Pupil","Puppy","Puppy","Pured","Puree","Purge","Purim","Purre","Purse","Purse","Pursy","Pusil","Pussy","Putid","Putry","Putty","Putty","Pygal","Pygmy","Pygmy","Pykar","Pylae","Pylas","Pylon","Pyoid","Pyral","Pyro-","Pyrus","Pyxle","Pyxis","Quack","Quack","Quade","Quaff","Quail","Quair","Quake","Quaky","Qualm","Quant","Quarl","Quart","Quash","Quash","Quasi","Quass","Quata","Quave","Quayd","Quean","Quech","Queck","Queen","Queen","Queen","Queer","Quegh","Quell","Queme","Querl","Quern","Query","Query","Quest","Queue","Quica","Quice","Quich","Quick","Quiet","Quiet","Quill","Quill","Quilt","Quilt","Quint","Quipo","Quipu","Quire","Quirk","Quirl","Quirt","Quish","Quite","Quits","Quoif","Quoil","Quoin","Quoit","Quoke","Quoll","Quook","Quota","Quote","Quoth","Quran","Raash","Rabat","Rabbi","Rabid","Rabot","Raced","Racer","Rache","Racle","Radde","Radii","Radii","Radix","Rafte","Rafty","Raged","Raggy","Raiae","Rainy","Raise","Rajah","Raked","Rakel","Raker","Rally","Rally","Ralph","Ramal","Ramed","Ramee","Ramie","Rammy","Rampe","Ramus","Ranal","Rance","Ranch","Ranee","Range","Ranny","Ranty","Raphe","Rapid","Rased","Raspy","Rasse","Ratan","Ratch","Rated","Ratel","Rater","Rathe","Rathe","Ratio","-ties","Raton","Raved","Ravel","Raven","Raven","Raver","Ravin","Ravin","Rawly","Rayed","Rayah","Rayon","Razed","Razed","Razee","Razee","Razor","Reach","Reach","React","Ready","Realm","Reame","Reata","Reave","Rebec","Rebel","Rebel","Rebus","Rebut","Recto","Recti","Recur","Redan","Redde","Redia","Redly","Redub","Reedy","Reefy","Reeky","Reeve","Reeve","Refar","Refel","Refer","Refit","Refix","-ries","-ries","Refut","Regal","Regel","Reget","Regle","Regma","Regne","Reign","Reign","Reins","Rekne","Relax","Relay","Relic","Relik","-ries","Remit","Remix","Remue","Renal","Renay","Renew","Renne","Rente","Repay","Repel","Reply","Reply","Resaw","Reset","Resin","Resow","-ties","-ries","Resty","Retch","Retex","Retry","Rette","Reule","Reume","Revel","Revel","Revet","Revie","Rewel","Rewet","Rewin","Rewle","Rewme","Rewth","Reges","Reyse","Rheae","Rheic","Rhein","Rheum","Rhime","Rhine","Rhino","Rhomb","Rhomb","Rhumb","Rhyme","Rhyme","Riant","Riban","Ribes","Riden","Rider","Ridge","Ridge","Ridgy","Rifle","Rigel","Right","Right","Right","Rigid","Rigol","Rigor","Riled","Rille","Rimae","Rimau","Rimed","Rimer","Rimey","Rindy","Rined","Rinse","Ripen","Risen","Risen","Riser","Risky","Risse","Rival","Rival","Rived","Riven","Rivel","Riven","River","Rivet","Rivet","Roach","Roast","Robed","Robin","Robin","Roche","Roche","Rocky","Rocoa","Roddy","Rodeo","Rodge","Rogue","Roguy","Rohob","Roial","Roily","Roint","Roist","Rokee","Roman","Romic","Rompu","Ronco","Ronde","Rondo","Ronne","Roody","Roofy","Rooky","Roomy","Roosa","Roost","Roost","Rooty","Roped","Roper","Roral","Roric","Rorid","Rosen","Roser","Roset","Rosin","Rotal","Roted","Rotta","Rouet","Rouge","Rouge","Rouge","Rough","Round","Round","Rouse","Rouse","Roust","Route","Roved","Rover","Rowed","Rowan","Rowdy","Rowed","Rowel","Rowel","Rowen","Rower","Royal","Royne","Rubin","Ruble","Rubus","Ruche","Ruddy","Ruing","Ruell","Ruffe","Rufol","Rugae","Ruggy","Rugin","Ruled","Ruler","Rumbo","Rumen","Rummy","Rummy","Rumor","Rumor","Runch","Runer","Runic","Runty","Rupee","Rupia","Rural","Rushy","Rusma","Rusty","Rutic","Rutin","Rutty","Ryder","Saadh","Sabal","Saber","Sabre","Saber","Sabre","Sable","Sable","Sabot","Sabre","Sacar","Sacci","-ries","Sacre","sacra","Sadda","Sadly","Sagas","Sagum","Sagus","Sahib","Saheb","Sahui","Saiga","Saily","Saint","Saint","Saith","Saiva","Sajou","Saker","Sakti","Salad","Salam","Saleb","Salep","Salic","Salix","Sally","Sally","Salmi","Salol","Salon","Salpa","Salse","Salty","Salue","Salve","Salve","Salvo","Sambo","Sandy","Sanga","Sangu","Sanny","Sapan","Sapid","Sapor","Sappy","Saree","Sargo","Saros","Sarpo","Sarsa","Sarse","Sarum","Sasin","Sasse","Sassy","Satan","Sated","Satin","Satle","Satyr","Sauba","Sauce","Sauce","Saucy","Saugh","Sauks","Sault","Saury","Saute","Saved","Saver","Savin","Savor","Savor","Savoy","Sawed","Sawer","Saxon","Sayer","Saynd","Scala","Scald","Scale","Scale","Scall","Scalp","Scalp","Scaly","Scamp","Scant","Scant","Scape","Scape","Scard","Scare","Scarf","Scarf","Scarf","Scarn","Scarp","Scarp","Scary","Scatt","Scate","Scath","Scath","Scaup","Scaur","Scena","Scene","Scent","Scern","Schah","Scink","Scion","Sciot","Scire","Scise","Sclav","Scoat","Scobs","Scoff","Scoff","Scoke","Scold","Scole","Scomm","Scone","Scoop","Scoop","Scoot","Scope","Scops","Score","Score","Scorn","Scorn","Scoth","Scots","Scour","Scout","Scout","Scowl","Scrag","Scrap","Scrat","Scraw","Scray","Scree","Screw","Screw","Scrid","Scrim","Scrip","Scrit","Scrod","Scrog","Scrow","Scrub","Scudi","Scudo","Scuff","Scuff","Sculk","Scull","Scull","Sculp","Scurf","Scuta","Scute","Scuta","Scyle","Selch","Seamy","Seave","Seavy","Sebat","Sebic","Secco","Seche","Secle","Secre","Sedan","Sedge","Sedgy","Sedum","Seeds","Seedy","Seely","Seepy","Seeth","Segar","Segge","Segno","Seigh","Seine","Seint","Seise","Seity","Seize","Sekes","Selah","Selve","Semen","Semi-","Senge","Senna","Se�or","Sense","Sense","Senza","Sepal","Sepia","Sepic","Sepon","Sepoy","Septa","Serai","Serge","Serie","Serin","Seron","Serow","Serry","Serum","Serve","Serye","Sessa","Setae","Setee","Seten","Setim","Seton","Seven","Sever","Sewed","Sewel","Sewen","Sewer","Sewin","Sexed","Sexly","Sexto","Seyen","Seynd","Seynt","Shack","Shadd","Shade","Shade","Shady","Shaft","Shaik","Shail","Shake","Shook","Shook","Shake","Shako","Shaky","Shale","Shall","Shalm","Shalt","Shaly","Shama","Shame","Shame","Shank","Shape","Shard","Share","Share","Shark","Shark","Sharp","Sharp","Shash","Shave","Shave","Shawl","Shawm","Sheaf","Sheaf","Sheal","Shore","Shorn","Shear","Sheen","Sheep","Sheer","Sheer","Sheet","Sheet","Sheik","Sheil","Sheld","Shelf","Shell","Shell","Shent","Shend","Shent","Sheol","Sherd","Shern","Shete","Sheth","Shewn","Shiah","Shide","Shied","Shiel","Shift","Shiff","Shift","Shiah","Shilf","Shill","Shily","Shone","Shine","Shiny","-ship","Shire","Shirk","Shirl","Shirr","Shirt","Shirt","Shist","Shive","Shoad","Shoal","Shoal","Shoar","Shoat","Shock","Shock","Shode","Shoes","Shoon","Shoer","Shola","Shole","Shone","Shooi","Shook","Shoon","Shoop","Shoot","Shoot","Shore","Shore","Shorl","Shorn","Short","Short","Shory","Shots","Shote","Shots","Shout","Shove","Shown","Shown","Showy","Shrag","Shram","Shrap","Shred","Shred","Shrew","Shrow","Shrub","Shrug","Shuck","Shuck","Shude","Shunt","Shute","Shied","Shyly","Siaga","Sibyl","Sicca","Sicer","Siker","Siker","Sicle","Sided","Sided","Sider","Sidle","Siege","Sieur","Sieva","Sieve","Sifac","Sight","Sight","Sigil","Sigla","Sigma","-ries","Siker","Sikhs","Silex","Silky","Silly","Silty","Silva","Simar","Simia","-ties","Since","Sinch","Sinew","Sinew","Singe","Sinto","Sintu","Sinus","Sinus","Sioux","Sipid","Sired","Siren","Siroc","Sirup","Syrup","Sisal","Sisel","Siser","Sited","Sithe","Situs","Sivan","Siver","Siwin","Sixth","Sixty","Sixty","Sizar","Sized","Sized","Sizel","Sizer","Skain","Skald","Skall","Skare","Skart","Skate","Skate","Skean","Skeed","Skeel","Skeet","Skein","Skelp","Skene","Skied","Skiey","Skiff","Skiff","Skill","Skrim","Skimp","Skink","Skink","Skirl","Skirr","Skirt","Skirt","Skive","Skout","Skulk","Skull","Skunk","Skute","Skies","Skied","Skyed","Skyed","Skyey","Slack","Slack","Slack","Slade","Slaie","Slake","Slang","Slang","Slank","Slant","Slape","Slash","Slash","Slate","Slate","Slatt","Slaty","Slavs","Slave","Slave","Slain","Slazy","Sleek","Sleek","Sleep","Slept","Sleep","Sleer","Sleet","Sleet","Sleid","Slent","Slept","Slice","Slice","Slich","Slick","Slide","Slily","Slime","Slime","Slimy","Sling","Slung","Slang","Slung","Sling","Slunk","Slank","Slunk","Slink","Slish","Slive","Sloam","Sloat","Slock","Sloke","Sloom","Sloop","Slope","Slope","Slopy","Slosh","Sloth","Slowh","Slows","Sludy","Slued","Slugs","Slump","Slump","Slung","Slunk","Slush","Slush","Slyly","Slype","Smack","Smack","Small","Smalt","Smart","Smash","Smear","Smeir","Smelt","Smell","Smelt","Smelt","Smerk","Smift","Smile","Smilt","Smirk","Smote","Smote","Smite","Smith","Smitt","Smock","Smock","Smoke","Smoke","Smoky","Smolt","Smoor","Smore","Smote","Snack","Snail","Snake","Snake","Snaky","Snape","Snare","Snare","Snarl","Snary","Snast","Snead","Sneak","Sneap","Sneck","Sneed","Sneer","Snell","Snick","Snick","Snide","Snift","Sniff","Snift","Snigg","Snipe","Snypy","Snite","Snoff","Snood","Snook","Snore","Snort","Snout","Snowl","Snowy","Snuff","Snuff","Soaky","Soapy","Soave","Sober","Sober","Socky","Socle","Soddy","Soder","Sodic","Sofas","Sofis","Softa","Soggy","Soily","Soken","Solan","Solar","Solas","Soldi","Soldo","Soled","Solen","Soler","Solid","Solos","Solon","Solus","Solve","Somaj","Samaj","Somal","-some","Somne","Soncy","Sonsy","Sonde","Sonsy","Soord","Soote","Sooth","Sooty","Sophi","Sopor","Soppy","Sopra","Soree","Sorel","Sorex","Sorgo","Sorry","Sorus","Sorwe","So-so","Sotel","Sotil","Sothe","Sotto","Souce","Sough","Souke","Sound","Sound","Soune","Soupy","Sours","Souse","Souse","South","South","South","Sowed","Sowed","Sowar","Sowce","Sower","Sowle","Sowne","Sowse","Soyle","Spaad","Space","Space","Spade","Spade","Spado","Spaed","Spahi","Spaid","Spake","Spaky","Spale","Spall","Spalt","Spane","Spang","Spank","Spare","Spark","Spary","Spasm","Spate","Spawl","Spawl","Spawn","Spoke","Spake","Spoke","Speak","Spear","Spear","Spece","Speck","Speck","Speed","Speed","Speer","Speet","Speir","Speke","Spelk","Spell","Spell","Spelt","Spell","Spelt","Spent","Spend","Spent","Spere","Sperm","Sperm","Spewy","Sphex","Spial","Spica","Spice","Spice","Spick","Spicy","Spied","Spike","Spike","Spiky","Spile","Spill","Spilt","Spill","Spilt","Spill","Spilt","Spina","Spine","Spink","Spiny","Spire","Spire","Spirt","Spiry","Spiss","Spite","Spite","Spitz","Splay","Split","Split","Spoil","Spoke","Spoke","Spong","Sponk","Spook","Spool","Spool","Spoom","Spoon","Spoor","Spore","Sport","Sport","Spout","Sprad","Sprag","Sprag","Sprat","Spray","Spree","Sprew","Sprig","Sprig","Sprit","Sprod","Sprue","Sprug","Spuke","Spume","Spume","Spumy","Spunk","Spurn","Spurt","Sourt","Spurt","Spurt","Spute","Sputa","Spied","Spies","Spyne","Squab","Squad","Squat","Squat","Squaw","Squib","Squib","Squid","Souir","Stack","Stack","Stade","Staff","Stage","Stail","Staid","Stail","Stain","Stair","Stake","Stake","Stale","Stale","Stalk","Stalk","Stall","Stall","Stamp","Stood","Stand","Stane","Stang","Stank","Stant","Stont","Stare","Stare","Starf","Stark","Starn","Start","State","State","-ries","Stave","Stove","Stave","Staid","Stead","Steak","Steal","Stole","Steal","Steam","Steam","Steam","Stean","Steed","Steek","Steik","Steel","Steel","Steem","Steen","Steep","Steep","Steer","Steer","Steik","Stein","Stela","Stele","Stell","Steem","Steem","Stent","Step-","-ster","Stere","Stern","Stert","Steve","Stian","Stich","Stick","Stuck","Stick","Stiff","Stike","Stile","Still","Still","-ries","Stilt","Stilt","Stime","Sting","Stung","Stang","Sting","Stunk","Stank","Stink","Stint","Stint","Stipe","Stirk","Stirp","Stirt","Stith","Stive","Stoak","Stoat","Stock","Stock","Stoic","Stoke","Stola","Stole","Stoma","Stomp","Stond","Stone","Stone","Stont","Stony","Stood","Stook","Stook","Stool","Stoom","Stoop","Stoop","Stoor","Stope","Stope","Store","Store","Stork","Storm","Storm","Story","Story","Stote","Stoup","Stour","Stout","Stove","Stove","Stram","Strap","Strap","-ical","Straw","Stray","Stree","Strew","Stria","Strid","Strid","Strid","Strip","Strix","Strop","Strop","Strow","Stroy","Strum","Strut","Stuck","Study","Study","Stufa","Stuff","Stuff","Stuke","Stull","Stulm","Stulp","Stump","Stump","Stung","Stunk","Stunt","Stupa","Stupe","Stupe","Sturb","Sturk","Sturt","Sties","Stied","Styan","Styca","Style","Style","Suade","Suage","Suant","Suave","-ties","Succi","Sucre","Sudra","Suing","Suent","Suety","Sugar","Sugar","Suine","Suing","Suint","Suist","Suite","Sulci","Sulks","Sulky","Sulky","Sully","Sully","Sumac","Sumph","Sunna","Sunny","Sunup","Super","-cies","Supra","Surah","Sural","Surfy","Surge","Surge","Surgy","Surly","Sutor","Sutra","Swage","Swain","Swaip","Swale","Swamp","Swamp","Swang","Swape","Sward","Sward","Sware","Swarf","Swarm","Swarm","Swart","Swash","Swash","Swate","Swath","Sweal","Swore","Sware","Sworn","Swear","Sweat","Sweat","Swede","Swept","Sweep","Sweet","Swell","Swelt","Swept","Swerd","Swich","Swift","Swill","Swine","Swung","Swang","Swing","Swank","Swonk","Swink","Swipe","Swipe","Swirl","Swish","Swiss","Swive","Swoln","Swoon","Swoop","Sword","Swore","Sworn","Swown","Swung","Sycee","Syker","Sylph","Sylva","Symar","Synod","Syren","Syrma","Syrup","Sythe","Tabby","Tabby","Taber","Tabes","Tabid","Table","Table","Table","Taboo","Taboo","Tabor","Tabor","Tacet","Tache","Tacit","Tacky","Ta'en","Taffy","Tafia","Taint","Taint","Taira","Tairn","Taken","Taker","Taled","Tales","Tally","Tally","Talma","Talon","Taluk","Talpa","Talus","Tamed","Tamer","Tamil","Tamis","Tammy","fibre","Tamul","Tanka","Tansy","Taper","Taper","Tapet","Tapir","Tapis","Tapoa","Tardo","Tardy","Tared","Tared","Targe","Tarin","Tarot","Tarre","Tarry","Tarry","Tarse","Tarsi","Tarsi","Tasco","Tasse","Taste","Tasto","Tasty","Tatch","Tatou","Tatta","Taunt","Taunt","Tawed","Tawer","Tawny","Taxed","Taxel","Taxer","Taxis","Taxor","Tayra","Tazel","Tazza","Teach","Teade","Teary","Tease","Techy","Tecum","Tedge","Teend","Teens","Teeny","Teest","Teeth","Teeth","Teind","Teine","Teint","Telic","Tempo","Temps","Tempt","Temse","Tench","Tenet","Tenia","Tenne","Tennu","Tenon","Tenor","Tense","Tenth","Tepal","Tepee","Tepid","Tepor","Terce","Teret","Terga","Terin","Terma","Terra","Terry","Terse","Terza","Tests","Testa","Teste","Testy","Tetel","Tetty","Tewed","Tewan","Tewed","Tewel","Texas","Teyne","Thack","Thane","Thank","Thank","Thave","Thawy","Theca","Theft","Thegn","Their","Theme","-nies","There","Therf","These","Theta","Thewy","Thick","Thick","Thief","Thigh","Thilk","Thill","Thine","Thing","Think","Thio-","Third","Thirl","These","Thole","Thole","Thong","Thorn","Thoro","Thorp","Those","Thoth","Thowl","Thraw","Three","Threw","Thrid","Thrid","Thro'","Throb","Throe","Throp","Throw","Threw","Throw","Thrum","Thrum","Thuja","Thule","Thumb","Thumb","Thump","Thump","Thurl","Thuya","Thyme","Thymy","Tiara","Tibia","Tical","Tidal","Tidde","Tided","Tight","Tying","Tiers","Tiger","Tight","Tikus","Tilde","Tiled","Tiler","Tilth","Timal","Times","Timed","Timer","Timid","Tinct","Tinea","Tined","Tinet","Tinge","Tinny","Tinto","Tipsy","Tired","Tired","Tirma","Tisar","Tisic","Tisic","Tisri","Titan","Tithe","Tithe","Title","Title","Titty","Tiver","Toady","Toady","Toast","Tobit","Toddy","To-do","Toffy","Tofus","Togas","Togae","Toged","Toght","Togue","Tohew","Toise","Tokay","Token","Token","Tokin","Toled","Tolyl","Toman","Tomia","Tommy","Tonca","Toned","Toned","Tonge","Tonga","Tongo","Tongs","Tonic","Tonka","Tonne","Tonus","Teeth","Tooth","Tooth","Topau","Topaz","Toped","Toper","Topet","Tophi","Topic","Toque","Torch","Toret","Torse","Torsk","Torsi","Torso","Torta","Torus","Tossy","Tosto","Total","Toted","Totem","Toter","Totly","Totty","Touch","Tough","Tourn","Touse","Touze","Touse","Touze","Towed","Towel","Tower","Tower","Toxic","Toxin","toyed","Toyer","Trabu","Trace","Trace","Track","Track","Tract","Trade","Trade","Trade","Trail","Train","Train","Trais","Trays","Trait","Tramp","Trant","Trape","Traps","Trash","Trash","Trass","Trave","Trawl","Trays","Trays","Tread","Treat","Treed","Treen","Trend","Tress","Trewe","Trews","Triad","Trial","Trias","Tribe","Trica","Trice","Trick","Trick","Tride","Tried","Trier","Trill","Trill","Trine","Trink","Trior","Tripe","Trist","Trite","Troad","Troat","Troco","Trode","Troic","Troll","Troll","Tromp","Trona","Trone","Troop","Troop","Trope","Troth","Troul","Trout","Trowl","Trubu","Truce","Truck","Truck","Trull","Truly","Trump","Trump","Trunk","Truss","Truss","Trust","Trust","Truth","tried","Tryst","Tsebe","Tubal","Tubby","Tubed","Tuber","Tucan","Tucet","Tucum","Tudor","Tufty","Tugan","Tulle","Tulip","Tulle","Tumid","Tumor","Tuned","Tuner","Tunic","Tunny","Tupal","Turbo","Turfs","Turfy","Turio","Turko","Tusky","Tutor","Tutor","Tutti","Tutty","Twain","Twang","Twang","Twank","Tweag","Tweak","Tweed","Tweel","Tweer","Twice","Twill","Twilt","Twine","Twine","Twink","Twire","Twirl","Twist","Twite","Tyger","Tying","Tyler","Typal","-type","Typed","Typic","Tyran","Tyros","Tythe","Udder","Uhlan","Ukase","Ulcer","Ulema","Ullet","Ulmic","Ulmin","Ulmus","Ulnar","Ultra","Ultra","Ulula","Umbel","Umber","Umble","Umbos","Umbra","Umbre","Unapt","Unarm","Unbag","Unbar","Unbay","Unbed","Unbid","Unbit","Unbow","Unbox","Unboy","Uncap","Uncia","Uncle","Uncus","Uncut","Undam","Under","Undid","Undue","Ubeth","Unfit","Unfix","Unget","Ungka","Ungod","Ungot","Unhap","Unhat","Uniat","Unify","Union","Unite","Unity","Unked","Unkle","Unlap","Unlaw","Unlay","Unman","Unmew","Unnun","Unoil","Unpay","Unpeg","Unpen","Unpin","Unrig","Unrip","Unsad","Unsay","Unset","Unsew","Unsex","Unsin","Untie","Until","Unwit","Upbar","Upend","Uphaf","Upher","Uplay","Upper","Uprun","Upset","Upsun","Uptie","Upupa","Upyat","Urali","Urare","Urari","Urate","Urban","Ureal","Uredo","-uret","Urged","Urger","Urine","Urite","Urith","Urnal","Ursal","Urson","Ursuk","Ursus","Urubu","Usage","Usant","Using","Usher","Usher","Usnea","Usnic","Usual","Usure","Usurp","Usury","Utica","Utile","Utter","Utter","Uvate","Uvrou","Uvula","Uzema","Vacua","Vagal","Vague","Vagus","Vairy","Valet","Valid","Valla","Valor","Value","Value","Valve","Vapid","Vapor","Vapor","Varan","Varec","Varix","Vasty","Vasum","Vault","Vault","Vaunt","Vauty","Vedro","Veery","Veiny","Velar","Velum","Venae","Venae","VenAe","Venal","Vends","Venew","Veney","Venge","Venom","Venue","Venus","Verge","Verge","Verse","Verse","Verso","Verst","Vertu","Verve","Vespa","Vesta","Vetch","Vexed","Vexed","Vexer","Vexil","Viage","Viand","Viary","Vicar","Viced","Viced","Vichy","Vying","Viewy","Vifda","Vigil","Vigor","Viled","Villa","Villi","Villi","Vimen","Vined","Viner","Vingt","Vinic","Vinny","Vinyl","Viola","Viole","Viper","Vireo","Virge","Virgo","Virid","Virtu","Virus","Visit","Visne","Vison","Visor","Vista","Visto","Vital","Vitis","Vitoe","Vitta","Vivda","Vives","Vivid","Vixen","Vizir","Vizor","Vocal","Vodka","Vogle","Vogue","Voice","Voice","Volar","Volge","Volow","Volte","Volta","Volti","Volva","Vomer","Vomic","Vomit","Voted","Voter","Vouch","Vowed","Vowel","Vower","Voyol","Vulva","Vying","Wacke","Wacky","Waded","Waded","Wader","Wafer","Wafer","Waged","Wagel","Wager","Wager","Wages","Wagon","Wagon","Waift","Waist","Waive","Waive","Waked","Waken","Waker","Walty","Waltz","Waltz","Walwe","Wandy","Waned","Waney","Wango","Wanly","Wanty","Wanze","Waped","-ward","Wares","Warly","Warre","Warry","Warty","Warye","Washy","Waste","Waste","Watch","Watch","Water","Water","Water","Water","Water","Water","Water","Water","Water","Water","Water","Water","Water","Water","Water","Water","Water","Water","Water","Water","Water","Water","Water","Water","Water","Water","Water","Water","Water","Water","Water","Water","Water","Water","Waved","Waved","Waver","Wavey","Waxed","Waxen","Waxed","Waxen","Wayed","-ways","Weald","Weary","Weary","Weasy","Woven","Weave","Webby","Weber","Weder","Wedge","Wedge","Wedgy","Weedy","Weely","Weigh","Weigh","Weird","Weism","Weive","Wekau","Welch","Welew","We'll","Welsh","Welte","Wench","Wench","Wende","Wends","Wenny","Wepen","Werke","Werre","Werst","Wesil","Westy","Wevil","Weyle","Weyve","Whaap","Whack","Whala","Whale","Whall","Whame","Whang","Wharf","Wharf","Wharl","Wharp","Whaul","Whaup","Wheal","Wheat","Wheel","Wheel","Wheen","Wheft","Whelk","Whelm","Whelp","Whelp","Where","Which","Whiff","Whiff","While","While","Whilk","Whine","Whipt","Whirl","Whisk","Whisk","Whisp","Whist","White","White","White","Whole","Whoop","Whoop","Whoot","Whore","Whore","Whorl","Whort","Whose","Whoso","Whurt","Wicke","Widdy","Widen","Widow","Widow","Width","Widwe","Wield","Wiery","Wives","Wigan","Wight","Wikke","Would","Willy","Willy","Wilne","Wilwe","Wince","Winch","Wound","Wound","Windy","Wingy","Winze","Wiped","Wiper","Wired","Wisly","Wisse","Witch","Witch","Witen","Withe","Withe","Withy","Witts","Witty","Wived","Wiver","Wives","Wizen","Woald","Woden","Woful","Wolde","Wolle","Women","Woman","Womby","Women","Won't","Wooed","Woody","Wooer","Woofy","Woold","Woosy","Wootz","Wopen","Wordy","World","Wormy","Worry","Worry","Worse","Worst","Worst","Worth","Would","Wound","Wound","Woven","Wowke","Woxen","Wrack","Wrapt","Wrath","Wrawl","Wreak","Wreak","Wreck","Wreck","Wreke","Wrest","Wrung","Wring","Wrist","Wrote","Write","Wrong","Wrong","Wroot","Wrote","Wroth","Wrung","Wried","Wuste","Wythe","Wyten","Xebec","Xenia","Xenyl","Xeres","Xerif","Xylem","Xylic","Xylo-","Xylol","Xylyl","Xyris","Yacca","Yacht","Yager","Yakin","Yalah","Yamma","Yapon","Yarke","Yaulp","Yawed","Ydrad","Yeara","Yearn","Yeast","Yeman","Yerba","Yerne","Yerst","Yesty","Yeven","Yewen","Yezdi","Yfere","Yield","Ylike","Yodel","Yodle","Yodel","Yodle","Yojan","Yoked","Yokel","Young","Yours","Youth","Youze","Ypres","Yraft","Ysame","Yucca","Yufts","Yulan","Yumas","Yupon","Zacco","Zambo","Zamia","Zante","Zayat","Zebec","Zebra","Zebub","Zemni","Zenik","Zerda","Zeros","Zibet","Ziega","Zilla","Zinky","Zizel","Zocle","Zocco","Zohar","Zoide","Zokor","Zonae","Zonal","Zonar","Zoned","Zooid","Zoril","Zuche","Zulus","Zumic","Zu/is","Zymic"
